{
  "rastrigin": {
    "bounds": "-5.12 5.12 -5.12 5.12 -5.12 5.12 -5.12 5.12 -5.12 5.12 -5.12 5.12 -5.12 5.12",
    "minimum_cord": [0, 0, 0, 0, 0, 0, 0],
    "minimum_value": 0,
    "dimensions": 7
  },
  "griewank": {
    "bounds": "-600 600 -600 600 -600 600 -600 600 -600 600 -600 600 -600 600 -600 600 -600 600 -600 600",
    "minimum_cord": [0,0,0,0,0,0,0,0,0,0],
    "minimum_value": 0,
    "dimensions": 10
  },
  "sphere": {
    "bounds": "-5.12 5.12 -5.12 5.12",
    "minimum_cord": [0,0],
    "minimum_value": 0,
    "dimensions": 2
  },
  "rosenbrock": {
    "bounds": "-5 10 -5 10 -5 10 -5 10 -5 10 -5 10",
    "minimum_cord": [1, 1, 1, 1, 1],
    "minimum_value": 0,
    "dimensions": 6
  },
  "ackley": {
    "bounds": "-32 32 -32 32 -32 32 -32 32 -32 32 -32 32 -32 32 -32 32",
    "minimum_cord": [0, 0, 0, 0, 0, 0, 0, 0],
    "minimum_value": 0,
    "dimensions": 8
  },
  "schwefel": {
    "bounds": "-500 500 -500 500 -500 500 -500 500 -500 500 -500 500",
    "minimum_cord": [420.9687, 420.9687, 420.9687, 420.9687, 420.9687, 420.9687],
    "minimum_value": 0,
    "dimensions": 6
  },
  "levy": {
    "bounds": "-10 10 -10 10 -10 10 -10 10 -10 10 -10 10 -10 10 -10 10 -10 10",
    "minimum_cord": [1, 1, 1, 1, 1, 1, 1, 1, 1],
    "minimum_value": 0,
    "dimensions": 9
  },
  "beale": {
    "bounds": "-4.5 4.5 -4.5 4.5",
    "minimum_cord": [3, 0.5],
    "minimum_value": 0,
    "dimensions": 2
  },
  "easom": {
    "bounds": "-100 100 -100 100",
    "minimum_cord": [3.141592, 3.141592],
    "minimum_value": -1,
    "dimensions": 2
  },
  "booth": {
    "bounds": "-10 10 -10 10",
    "minimum_cord": [1, 3],
    "minimum_value": 0,
    "dimensions": 2
  }
}
